No.,Timestamp,Berat
2,06:42:24:215,8.83
3,06:42:24:402,9.93
4,06:42:24:605,10.84
5,06:42:24:792,11.54
6,06:42:24:979,12.14
7,06:42:25:182,12.84
8,06:42:25:369,13.34
9,06:42:25:556,13.94
10,06:42:25:743,14.34
11,06:42:25:946,14.64
12,06:42:26:133,14.84
13,06:42:26:321,15.24
14,06:42:26:523,15.44
15,06:42:26:711,15.74
16,06:42:26:898,15.94
17,06:42:27:101,16.04
18,06:42:27:288,16.14
19,06:42:27:475,16.44
20,06:42:27:678,16.54
21,06:42:27:865,16.54
22,06:42:28:052,16.64
23,06:42:28:255,16.84
24,06:42:28:442,17.04
25,06:42:28:629,17.34
26,06:42:28:832,17.34
27,06:42:29:019,17.44
28,06:42:29:207,17.64
29,06:42:29:394,17.34
30,06:42:29:597,16.44
31,06:42:29:784,16.04
32,06:42:29:971,16.14
33,06:42:30:174,16.04
34,06:42:30:361,16.24
35,06:42:30:548,16.44
36,06:42:30:751,16.54
37,06:42:30:938,16.54
38,06:42:31:125,16.54
39,06:42:31:328,16.64
40,06:42:31:515,16.84
41,06:42:31:703,16.94
42,06:42:31:905,17.14
43,06:42:32:093,17.24
44,06:42:32:280,17.44
45,06:42:32:483,17.64
46,06:42:32:670,17.94
47,06:42:32:857,18.14
48,06:42:33:060,15.54
49,06:42:33:247,11.14
50,06:42:33:434,9.43
51,06:42:33:621,9.43
52,06:42:33:824,9.93
53,06:42:34:011,10.14
54,06:42:34:199,10.24
55,06:42:34:401,10.54
56,06:42:34:589,11.04
57,06:42:34:776,11.34
58,06:42:34:979,11.84
59,06:42:35:166,11.74
60,06:42:35:353,11.04
61,06:42:35:556,10.24
62,06:42:35:743,10.14
63,06:42:35:930,10.04
64,06:42:36:133,9.93
65,06:42:36:320,10.14
66,06:42:36:507,10.34
67,06:42:36:695,10.64
68,06:42:36:897,10.64
69,06:42:37:085,10.94
70,06:42:37:272,9.73
71,06:42:37:475,7.63
72,06:42:37:662,4.23
73,06:42:37:849,2.83
74,06:42:38:052,2.63
75,06:42:38:239,2.83
76,06:42:38:426,3.23
77,06:42:38:629,3.53
78,06:42:38:816,4.03
79,06:42:39:003,4.53
80,06:42:39:206,5.13
81,06:42:39:393,5.33
82,06:42:39:581,5.63
83,06:42:39:783,6.03
84,06:42:39:971,6.33
85,06:42:40:158,5.13
86,06:42:40:345,3.33
87,06:42:40:548,2.53
88,06:42:40:735,2.63
89,06:42:40:922,3.03
90,06:42:41:125,3.03
91,06:42:41:312,2.43
92,06:42:41:499,2.33
93,06:42:41:702,2.23
94,06:42:41:889,2.43
95,06:42:42:077,2.63
96,06:42:42:279,2.83
97,06:42:42:467,2.83
98,06:42:42:654,3.13
99,06:42:42:857,3.33
100,06:42:43:044,3.53
101,06:42:43:231,3.73
102,06:42:43:434,3.93
103,06:42:43:621,4.13
104,06:42:43:808,4.33
105,06:42:43:995,4.53
106,06:42:44:198,4.63
107,06:42:44:385,4.83
108,06:42:44:573,5.03
109,06:42:44:775,5.23
110,06:42:44:963,5.33
111,06:42:45:150,5.63
112,06:42:45:353,5.83
113,06:42:45:540,6.03
114,06:42:45:727,6.03
115,06:42:45:930,6.23
116,06:42:46:117,6.53
117,06:42:46:304,6.63
118,06:42:46:507,6.83
119,06:42:46:694,7.03
120,06:42:46:881,7.13
121,06:42:47:069,7.53
122,06:42:47:271,7.53
123,06:42:47:459,7.73
124,06:42:47:646,7.93
125,06:42:47:849,8.03
126,06:42:48:036,8.23
127,06:42:48:223,8.43
128,06:42:48:426,8.73
129,06:42:48:613,8.83
130,06:42:48:800,9.03
131,06:42:49:003,9.13
132,06:42:49:190,9.33
133,06:42:49:377,9.53
134,06:42:49:580,9.63
135,06:42:49:767,9.83
136,06:42:49:955,10.04
137,06:42:50:157,10.14
138,06:42:50:345,10.24
139,06:42:50:532,10.44
140,06:42:50:735,10.74
141,06:42:50:922,10.84
142,06:42:51:109,10.94
143,06:42:51:296,11.24
144,06:42:51:499,11.34
145,06:42:51:686,11.24
146,06:42:51:873,11.44
147,06:42:52:076,11.64
148,06:42:52:263,11.64
149,06:42:52:451,11.94
150,06:42:52:653,12.04
151,06:42:52:841,12.14
152,06:42:53:028,12.24
153,06:42:53:231,12.44
154,06:42:53:418,12.44
155,06:42:53:605,12.54
156,06:42:53:808,12.74
157,06:42:53:995,12.84
158,06:42:54:182,12.84
159,06:42:54:369,13.14
160,06:42:54:572,13.24
161,06:42:54:759,13.24
162,06:42:54:947,13.24
163,06:42:55:149,13.34
164,06:42:55:337,13.64
165,06:42:55:524,13.64
166,06:42:55:727,13.64
167,06:42:55:914,13.74
168,06:42:56:101,13.74
169,06:42:56:304,14.04
170,06:42:56:491,14.24
171,06:42:56:678,14.24
172,06:42:56:881,14.34
173,06:42:57:068,14.34
174,06:42:57:255,14.44
175,06:42:57:458,14.54
176,06:42:57:645,14.74
177,06:42:57:833,14.74
178,06:42:58:020,14.84
179,06:42:58:223,15.04
180,06:42:58:410,15.14
181,06:42:58:597,15.34
182,06:42:58:800,15.34
183,06:42:58:987,15.44
184,06:42:59:174,15.54
185,06:42:59:377,15.74
186,06:42:59:564,15.94
187,06:42:59:751,16.04
188,06:42:59:954,16.14
189,06:43:00:141,16.34
190,06:43:00:329,16.44
191,06:43:00:531,16.54
192,06:43:00:719,16.54
193,06:43:00:906,16.74
194,06:43:01:109,16.74
195,06:43:01:296,16.94
196,06:43:01:483,17.14
197,06:43:01:686,17.14
198,06:43:01:873,17.34
199,06:43:02:060,17.34
200,06:43:02:247,17.44
201,06:43:02:450,17.44
202,06:43:02:638,17.54
203,06:43:02:825,17.74
204,06:43:03:028,17.74
205,06:43:03:215,17.84
206,06:43:03:402,18.04
207,06:43:03:605,18.14
208,06:43:03:792,18.24
209,06:43:03:979,18.34
210,06:43:04:182,18.34
211,06:43:04:369,18.44
212,06:43:04:556,18.44
213,06:43:04:759,18.54
214,06:43:04:946,18.74
215,06:43:05:134,18.64
216,06:43:05:321,18.74
217,06:43:05:524,18.84
218,06:43:05:711,19.04
219,06:43:05:898,18.94
220,06:43:06:101,19.04
221,06:43:06:288,19.14
222,06:43:06:475,19.24
223,06:43:06:678,19.24
224,06:43:06:865,19.44
225,06:43:07:052,19.44
226,06:43:07:255,19.34
227,06:43:07:442,19.44
228,06:43:07:630,19.74
229,06:43:07:832,19.74
230,06:43:08:020,19.84
231,06:43:08:207,19.84
232,06:43:08:410,19.94
233,06:43:08:597,20.04
234,06:43:08:784,19.94
235,06:43:08:987,20.14
236,06:43:09:174,20.34
237,06:43:09:361,20.24
238,06:43:09:564,20.24
239,06:43:09:751,20.44
240,06:43:09:938,20.54
241,06:43:10:126,20.54
242,06:43:10:328,20.44
243,06:43:10:516,20.64
244,06:43:10:703,20.64
245,06:43:10:906,20.84
246,06:43:11:093,20.94
247,06:43:11:280,20.84
248,06:43:11:483,21.04
249,06:43:11:670,21.14
250,06:43:11:857,21.14
251,06:43:12:060,21.24
252,06:43:12:247,21.24
253,06:43:12:434,21.34
254,06:43:12:637,21.44
255,06:43:12:824,21.54
256,06:43:13:012,21.54
257,06:43:13:199,21.54
258,06:43:13:402,21.54
259,06:43:13:589,21.84
260,06:43:13:776,21.84
261,06:43:13:979,21.84
262,06:43:14:166,21.94
263,06:43:14:353,21.94
264,06:43:14:556,22.04
265,06:43:14:743,22.04
266,06:43:14:930,22.24
267,06:43:15:133,22.34
268,06:43:15:320,22.24
269,06:43:15:508,22.44
270,06:43:15:710,22.44
271,06:43:15:898,22.54
272,06:43:16:085,22.64
273,06:43:16:288,22.64
274,06:43:16:475,22.74
275,06:43:16:662,22.84
276,06:43:16:865,22.74
277,06:43:17:052,22.74
278,06:43:17:239,22.84
279,06:43:17:442,22.84
280,06:43:17:629,23.04
281,06:43:17:816,23.14
282,06:43:18:004,23.04
283,06:43:18:206,23.24
284,06:43:18:394,23.24
285,06:43:18:581,23.24
286,06:43:18:784,23.44
287,06:43:18:971,23.34
288,06:43:19:158,23.44
289,06:43:19:361,23.54
290,06:43:19:548,23.54
291,06:43:19:735,23.64
292,06:43:19:938,23.74
293,06:43:20:125,23.74
294,06:43:20:312,23.74
295,06:43:20:515,23.74
296,06:43:20:702,23.84
297,06:43:20:890,23.84
298,06:43:21:092,23.94
299,06:43:21:280,24.14
300,06:43:21:467,24.14
301,06:43:21:654,24.24
302,06:43:21:857,24.24
303,06:43:22:044,24.14
304,06:43:22:231,24.34
305,06:43:22:434,24.44
306,06:43:22:621,24.44
307,06:43:22:808,24.44
308,06:43:23:011,24.54
309,06:43:23:198,24.54
310,06:43:23:386,24.54
311,06:43:23:588,24.64
312,06:43:23:776,24.74
313,06:43:23:963,24.94
314,06:43:24:166,24.94
315,06:43:24:353,25.04
316,06:43:24:540,24.94
317,06:43:24:743,25.04
318,06:43:24:930,24.94
319,06:43:25:117,24.84
320,06:43:25:320,24.84
321,06:43:25:507,24.84
322,06:43:25:694,24.94
323,06:43:25:882,24.94
324,06:43:26:084,24.84
325,06:43:26:272,24.94
326,06:43:26:459,24.94
327,06:43:26:693,24.94
328,06:43:26:849,25.04
329,06:43:27:036,25.14
330,06:43:27:239,25.04
331,06:43:27:426,25.14
332,06:43:27:613,25.24
333,06:43:27:816,25.24
334,06:43:28:003,25.14
335,06:43:28:190,25.34
336,06:43:28:393,25.44
337,06:43:28:580,25.54
338,06:43:28:768,25.54
339,06:43:28:970,25.64
340,06:43:29:158,25.84
341,06:43:29:345,25.14
342,06:43:29:532,24.34
343,06:43:29:735,24.04
344,06:43:29:922,23.74
345,06:43:30:125,23.54
346,06:43:30:312,23.84
347,06:43:30:499,23.94
348,06:43:30:686,24.04
349,06:43:30:889,24.04
350,06:43:31:076,24.14
351,06:43:31:264,24.04
352,06:43:31:466,23.94
353,06:43:31:654,23.94
354,06:43:31:841,23.94
355,06:43:32:044,23.94
356,06:43:32:231,23.94
357,06:43:32:418,23.84
358,06:43:32:621,23.64
359,06:43:32:808,22.14
360,06:43:32:995,21.14
361,06:43:33:198,21.14
362,06:43:33:385,21.14
363,06:43:33:572,21.24
364,06:43:33:760,21.14
365,06:43:33:962,21.14
366,06:43:34:150,21.24
367,06:43:34:337,21.24
368,06:43:34:540,21.04
369,06:43:34:727,18.94
370,06:43:34:914,15.94
371,06:43:35:117,14.24
372,06:43:35:304,13.94
373,06:43:35:491,14.24
374,06:43:35:694,14.84
375,06:43:35:881,15.24
376,06:43:36:068,15.64
377,06:43:36:271,15.84
378,06:43:36:458,16.14
379,06:43:36:646,16.44
380,06:43:36:848,16.64
381,06:43:37:036,16.74
382,06:43:37:223,16.94
383,06:43:37:426,17.14
384,06:43:37:613,17.54
385,06:43:37:800,17.64
386,06:43:37:987,17.74
387,06:43:38:190,17.94
388,06:43:38:377,18.14
389,06:43:38:564,18.34
390,06:43:38:767,18.04
391,06:43:38:954,15.74
392,06:43:39:142,13.74
393,06:43:39:344,9.63
394,06:43:39:532,2.23
395,06:43:39:719,-5.74
396,06:43:39:922,-15.45
397,06:43:40:109,-25.75
398,06:43:40:296,-36.55
399,06:43:40:499,-47.75
400,06:43:40:686,-58.45
401,06:43:40:873,-68.25
402,06:43:41:076,-78.25
403,06:43:41:263,-88.45
404,06:43:41:450,-98.05
405,06:43:41:638,-106.26
406,06:43:41:840,-116.66
407,06:43:42:028,-125.86
408,06:43:42:215,-133.26
409,06:43:42:418,-137.96
410,06:43:42:605,-142.86
411,06:43:42:792,-146.16
412,06:43:42:995,-141.76
413,06:43:43:182,-133.06
414,06:43:43:369,-125.46
415,06:43:43:572,-118.06
416,06:43:43:759,-111.76
417,06:43:43:946,-118.46
418,06:43:44:149,-114.86
419,06:43:44:336,-104.26
420,06:43:44:524,-91.45
421,06:43:44:726,-83.35
422,06:43:44:914,-75.05
423,06:43:45:101,-66.65
424,06:43:45:304,-58.65
425,06:43:45:491,-55.35
426,06:43:45:678,-58.25
427,06:43:45:865,-67.45
428,06:43:46:068,-79.45
429,06:43:46:255,-89.65
430,06:43:46:442,-99.05
431,06:43:46:645,-107.66
432,06:43:46:832,-115.66
433,06:43:47:020,-122.36
434,06:43:47:222,-127.86
435,06:43:47:410,-132.16
436,06:43:47:597,-135.66
437,06:43:47:800,-138.96
438,06:43:47:987,-141.96
439,06:43:48:174,-144.96
440,06:43:48:377,-147.66
441,06:43:48:564,-148.06
442,06:43:48:751,-146.06
443,06:43:48:954,-147.36
444,06:43:49:141,-149.86
445,06:43:49:328,-152.06
446,06:43:49:531,-153.76
447,06:43:49:718,-153.06
448,06:43:49:906,-155.26
449,06:43:50:108,-159.96
450,06:43:50:296,-165.56
451,06:43:50:483,-171.16
452,06:43:50:686,-176.46
453,06:43:50:873,-180.66
454,06:43:51:060,-182.96
455,06:43:51:247,-183.46
456,06:43:51:450,-183.06
457,06:43:51:637,-184.56
458,06:43:51:824,-191.06
459,06:43:52:027,-227.66
460,06:43:52:214,-393.76
461,06:43:52:402,-368.06
462,06:43:52:604,-283.76
463,06:43:52:792,-279.56
464,06:43:52:979,-278.86
465,06:43:53:182,-277.76
466,06:43:53:369,-270.06
467,06:43:53:556,-264.16
468,06:43:53:759,-261.56
469,06:43:53:946,-254.66
470,06:43:54:133,-248.76
471,06:43:54:336,-133.16
472,06:43:54:523,-92.85
473,06:43:54:710,-90.05
474,06:43:54:898,-74.85
475,06:43:55:100,-63.25
476,06:43:55:288,-54.15
477,06:43:55:475,-47.25
478,06:43:55:678,-42.75
479,06:43:55:865,-39.25
480,06:43:56:052,-36.35
481,06:43:56:255,-33.85
482,06:43:56:442,-31.35
483,06:43:56:629,-29.35
484,06:43:56:832,-27.45
485,06:43:57:019,-25.25
486,06:43:57:206,-23.65
487,06:43:57:409,-22.05
488,06:43:57:596,-19.95
489,06:43:57:784,-18.55
490,06:43:57:986,-17.65
491,06:43:58:174,-16.35
492,06:43:58:361,-15.05
493,06:43:58:564,-14.15
494,06:43:58:751,-13.05
495,06:43:58:938,-12.05
496,06:43:59:141,-11.05
497,06:43:59:328,-10.65
498,06:43:59:515,-9.44
499,06:43:59:718,-9.34
500,06:43:59:905,-10.15
501,06:44:00:092,-10.15
502,06:44:00:280,99.24
503,06:44:00:482,124.05
504,06:44:00:670,15.94
505,06:44:00:857,-21.75
506,06:44:01:060,-21.15
507,06:44:01:247,-24.05
508,06:44:01:434,-24.35
509,06:44:01:637,-21.15
510,06:44:01:824,-18.45
511,06:44:02:011,-15.85
512,06:44:02:214,-13.65
513,06:44:02:401,-11.55
514,06:44:02:588,-10.35
515,06:44:02:791,-9.14
516,06:44:02:978,-8.34
517,06:44:03:166,-7.24
518,06:44:03:368,-6.24
519,06:44:03:556,-5.24
520,06:44:03:743,-4.34
521,06:44:03:946,-4.44
522,06:44:04:133,-4.84
523,06:44:04:320,-4.34
524,06:44:04:523,-3.14
525,06:44:04:710,-2.04
526,06:44:04:897,-1.44
527,06:44:05:084,-0.74
528,06:44:05:287,-0.14
529,06:44:05:474,0.63
530,06:44:05:662,1.23
531,06:44:05:864,1.73
532,06:44:06:052,1.53
533,06:44:06:239,1.43
534,06:44:06:442,1.93
535,06:44:06:629,2.73
536,06:44:06:816,3.43
537,06:44:07:019,4.03
538,06:44:07:206,4.53
539,06:44:07:393,5.03
540,06:44:07:596,5.53
541,06:44:07:783,5.93
542,06:44:07:970,6.43
543,06:44:08:173,6.93
544,06:44:08:360,7.43
545,06:44:08:548,7.23
546,06:44:08:750,7.33
547,06:44:08:938,8.03
548,06:44:09:125,8.93
549,06:44:09:328,9.23
550,06:44:09:515,9.73
551,06:44:09:702,10.64
552,06:44:09:905,10.94
553,06:44:10:092,11.64
554,06:44:10:279,11.84
555,06:44:10:482,12.04
556,06:44:10:669,12.34
557,06:44:10:856,12.54
558,06:44:11:044,12.94
559,06:44:11:246,13.24
560,06:44:11:434,13.64
561,06:44:11:621,13.94
562,06:44:11:824,14.34
563,06:44:12:011,14.74
564,06:44:12:198,14.44
565,06:44:12:401,12.54
566,06:44:12:588,12.44
567,06:44:12:775,12.64
568,06:44:12:978,12.94
569,06:44:13:165,13.34
570,06:44:13:352,13.74
571,06:44:13:555,14.74
572,06:44:13:742,43.14
573,06:44:13:930,72.54
574,06:44:14:132,74.14
575,06:44:14:320,74.34
576,06:44:14:507,74.74
577,06:44:14:710,75.14
578,06:44:14:897,75.54
579,06:44:15:084,75.74
580,06:44:15:287,76.24
581,06:44:15:474,76.54
582,06:44:15:661,77.04
583,06:44:15:864,75.24
584,06:44:16:051,73.14
585,06:44:16:238,72.64
586,06:44:16:426,73.14
587,06:44:16:628,74.14
588,06:44:16:816,75.14
589,06:44:17:003,75.74
590,06:44:17:206,76.14
591,06:44:17:393,76.44
592,06:44:17:580,76.74
593,06:44:17:783,77.14
594,06:44:17:970,77.34
595,06:44:18:157,77.64
596,06:44:18:360,77.84
597,06:44:18:547,78.04
598,06:44:18:734,78.34
599,06:44:18:937,78.74
600,06:44:19:124,79.04
601,06:44:19:312,79.24
602,06:44:19:514,79.64
603,06:44:19:702,79.84
604,06:44:19:889,80.04
605,06:44:20:092,80.54
606,06:44:20:279,80.64
607,06:44:20:466,80.84
608,06:44:20:669,81.04
609,06:44:20:856,81.24
610,06:44:21:043,81.34
611,06:44:21:230,81.44
612,06:44:21:433,81.64
613,06:44:21:620,81.74
614,06:44:21:808,81.84
615,06:44:22:010,82.04
616,06:44:22:198,81.94
617,06:44:22:385,82.04
618,06:44:22:588,82.24
619,06:44:22:775,82.34
620,06:44:22:962,82.44
621,06:44:23:165,82.44
622,06:44:23:352,82.54
623,06:44:23:539,82.64
624,06:44:23:742,82.94
625,06:44:23:929,83.24
626,06:44:24:116,83.44
627,06:44:24:319,83.54
628,06:44:24:506,83.54
629,06:44:24:694,83.74
630,06:44:24:896,83.84
631,06:44:25:084,84.14
632,06:44:25:271,84.24
633,06:44:25:474,84.34
634,06:44:25:661,84.54
635,06:44:25:848,84.84
636,06:44:26:051,84.84
637,06:44:26:238,84.94
638,06:44:26:425,85.14
639,06:44:26:628,85.34
640,06:44:26:815,85.34
641,06:44:27:002,85.54
642,06:44:27:190,85.74
643,06:44:27:392,85.74
644,06:44:27:580,85.84
645,06:44:27:767,85.94
646,06:44:27:970,85.94
647,06:44:28:157,86.04
648,06:44:28:344,85.94
649,06:44:28:547,86.14
650,06:44:28:734,86.34
651,06:44:28:921,86.24
652,06:44:29:124,86.44
653,06:44:29:311,86.44
654,06:44:29:498,86.64
655,06:44:29:701,86.74
656,06:44:29:888,86.84
657,06:44:30:091,86.84
658,06:44:30:278,86.94
659,06:44:30:466,87.04
660,06:44:30:668,87.24
661,06:44:30:856,87.34
662,06:44:31:043,87.44
663,06:44:31:230,87.54
664,06:44:31:433,87.64
665,06:44:31:620,87.64
666,06:44:31:807,87.84
667,06:44:32:010,88.04
668,06:44:32:197,88.34
669,06:44:32:369,88.24
670,06:44:32:556,88.44
671,06:44:32:728,88.64
672,06:44:32:915,88.64
673,06:44:33:102,88.74
674,06:44:33:305,88.94
675,06:44:33:492,88.84
676,06:44:33:679,89.04
677,06:44:33:882,89.14
678,06:44:34:069,89.14
679,06:44:34:256,89.24
680,06:44:34:459,89.34
681,06:44:34:646,89.34
682,06:44:34:834,89.44
683,06:44:35:036,89.64
684,06:44:35:224,89.74
685,06:44:35:411,89.64
686,06:44:35:614,89.64
687,06:44:35:801,89.74
688,06:44:35:988,89.94
689,06:44:36:191,90.04
690,06:44:36:378,89.94
691,06:44:36:581,89.94
692,06:44:36:768,90.14
693,06:44:36:940,90.24
694,06:44:37:127,90.34
695,06:44:37:330,90.34
696,06:44:37:517,90.44
697,06:44:37:704,90.54
698,06:44:37:907,90.64
699,06:44:38:094,90.84
700,06:44:38:281,91.14
701,06:44:38:468,91.24
702,06:44:38:671,91.24
703,06:44:38:858,91.24
704,06:44:39:046,91.24
705,06:44:39:248,91.34
706,06:44:39:436,91.34
707,06:44:39:623,91.54
708,06:44:39:810,91.54
709,06:44:39:997,91.44
710,06:44:40:200,91.54
711,06:44:40:387,91.64
712,06:44:40:574,91.64
713,06:44:40:762,91.54
714,06:44:40:964,91.54
715,06:44:41:152,91.44
716,06:44:41:339,91.64
717,06:44:41:542,91.74
718,06:44:41:729,91.74
719,06:44:41:916,91.64
720,06:44:42:119,91.84
721,06:44:42:306,91.94
722,06:44:42:493,91.94
723,06:44:42:696,92.04
724,06:44:42:883,91.94
725,06:44:43:070,91.94
726,06:44:43:273,91.84
727,06:44:43:445,91.94
728,06:44:43:616,92.04
729,06:44:43:804,92.24
730,06:44:44:006,92.34
731,06:44:44:194,92.24
732,06:44:44:381,92.34
733,06:44:44:584,92.54
734,06:44:44:771,92.54
735,06:44:44:958,92.64
736,06:44:45:161,92.74
737,06:44:45:348,92.94
738,06:44:45:535,93.04
739,06:44:45:738,92.54
740,06:44:45:925,91.64
741,06:44:46:112,91.14
742,06:44:46:315,90.84
743,06:44:46:502,90.74
744,06:44:46:690,90.64
745,06:44:46:892,90.54
746,06:44:47:080,90.64
747,06:44:47:267,90.64
748,06:44:47:470,90.64
749,06:44:47:657,90.54
750,06:44:47:860,90.54
751,06:44:48:047,90.74
752,06:44:48:234,90.74
753,06:44:48:421,90.64
754,06:44:48:624,90.54
755,06:44:48:811,90.64
756,06:44:48:998,90.74
757,06:44:49:186,90.84
758,06:44:49:388,90.74
759,06:44:49:576,90.74
760,06:44:49:763,90.74
761,06:44:49:966,90.64
762,06:44:50:153,90.64
763,06:44:50:340,90.54
764,06:44:50:543,90.54
765,06:44:50:730,90.44
766,06:44:50:917,90.44
767,06:44:51:120,90.44
768,06:44:51:307,90.34
769,06:44:51:510,90.24
770,06:44:51:697,90.44
771,06:44:51:884,90.24
772,06:44:52:072,90.14
773,06:44:52:274,90.24
774,06:44:52:477,90.24
775,06:44:52:649,90.14
776,06:44:52:852,90.24
777,06:44:53:039,90.24
778,06:44:53:226,90.24
779,06:44:53:429,90.24
780,06:44:53:616,90.04
781,06:44:53:788,89.94
782,06:44:53:990,89.84
783,06:44:54:178,89.94
784,06:44:54:365,89.74
785,06:44:54:552,89.84
786,06:44:54:755,89.64
787,06:44:54:942,89.54
788,06:44:55:114,89.54
789,06:44:55:316,89.64
790,06:44:55:504,89.84
791,06:44:55:691,90.04
792,06:44:55:894,90.04
793,06:44:56:081,90.04
794,06:44:56:268,90.14
795,06:44:56:471,90.24
796,06:44:56:658,90.34
797,06:44:56:830,90.34
798,06:44:57:033,90.24
799,06:44:57:220,90.44
800,06:44:57:391,90.44
801,06:44:57:594,90.54
802,06:44:57:781,90.64
803,06:44:57:969,90.64
804,06:44:58:171,90.74
805,06:44:58:359,90.74
806,06:44:58:561,90.84
807,06:44:58:749,90.74
808,06:44:58:936,90.94
809,06:44:59:139,91.04
810,06:44:59:326,91.04
811,06:44:59:513,91.14
812,06:44:59:700,91.24
813,06:44:59:887,91.24
814,06:45:00:075,91.24
815,06:45:00:262,91.14
816,06:45:00:449,91.24
817,06:45:00:652,91.34
818,06:45:00:839,91.34
819,06:45:01:026,91.34
820,06:45:01:229,91.44
821,06:45:01:416,91.54
822,06:45:01:603,91.54
823,06:45:01:806,91.74
824,06:45:02:009,91.84
825,06:45:02:181,91.74
826,06:45:02:383,91.74
827,06:45:02:571,91.84
828,06:45:02:758,92.04
829,06:45:02:976,92.14
830,06:45:03:132,92.14
831,06:45:03:335,92.04
832,06:45:03:522,92.14
833,06:45:03:709,92.24
834,06:45:03:897,92.34
835,06:45:04:099,92.34
836,06:45:04:287,92.34
837,06:45:04:474,92.54
838,06:45:04:661,92.54
839,06:45:04:864,92.74
840,06:45:05:051,92.74
841,06:45:05:223,92.94
842,06:45:05:425,92.94
843,06:45:05:628,92.94
844,06:45:05:800,92.94
845,06:45:06:018,92.94
846,06:45:06:190,93.04
847,06:45:06:377,93.14
848,06:45:06:580,93.14
849,06:45:06:783,93.14
850,06:45:06:954,93.24
851,06:45:07:173,93.24
852,06:45:07:344,93.34
853,06:45:07:516,93.44
854,06:45:07:719,93.44
855,06:45:07:921,93.44
856,06:45:08:093,93.24
857,06:45:08:296,93.24
858,06:45:08:483,93.44
859,06:45:08:670,93.54
860,06:45:08:873,93.74
861,06:45:09:076,93.74
862,06:45:09:247,93.74
863,06:45:09:435,93.64
864,06:45:09:637,93.74
865,06:45:09:825,93.74
866,06:45:09:996,93.74
867,06:45:10:199,93.64
868,06:45:10:386,93.74
869,06:45:10:573,93.74
870,06:45:10:776,93.84
871,06:45:10:963,93.94
872,06:45:11:151,94.04
873,06:45:11:353,93.84
874,06:45:11:541,93.84
875,06:45:11:728,93.84
876,06:45:11:931,94.04
877,06:45:12:118,94.14
878,06:45:12:305,94.04
879,06:45:12:508,93.94
880,06:45:12:695,93.94
881,06:45:12:882,94.14
882,06:45:13:085,94.14
883,06:45:13:288,93.94
884,06:45:13:459,94.04
885,06:45:13:662,94.04
886,06:45:13:849,94.04
887,06:45:14:052,94.14
888,06:45:14:224,94.04
889,06:45:14:427,94.04
890,06:45:14:614,93.94
891,06:45:14:801,94.04
892,06:45:15:004,94.04
893,06:45:15:191,94.04
894,06:45:15:378,93.94
895,06:45:15:581,94.04
896,06:45:15:768,93.94
897,06:45:15:955,93.84
898,06:45:16:174,93.84
899,06:45:16:345,93.94
900,06:45:16:533,93.94
901,06:45:16:735,94.04
902,06:45:16:938,94.04
903,06:45:17:110,94.04
904,06:45:17:313,94.14
905,06:45:17:500,94.14
906,06:45:17:687,94.14
907,06:45:17:890,94.24
908,06:45:18:077,94.24
909,06:45:18:264,94.24
910,06:45:18:467,94.34
911,06:45:18:654,94.14
912,06:45:18:841,94.34
913,06:45:19:013,94.34
914,06:45:19:216,94.34
915,06:45:19:403,94.34
916,06:45:19:590,94.44
917,06:45:19:793,94.44
918,06:45:19:980,94.54
919,06:45:20:167,94.44
920,06:45:20:370,94.44
921,06:45:20:557,94.54
922,06:45:20:745,94.44
923,06:45:20:947,94.44
924,06:45:21:135,94.44
925,06:45:21:322,94.44
926,06:45:21:525,94.54
927,06:45:21:696,94.54
928,06:45:21:883,94.54
929,06:45:22:086,94.44
930,06:45:22:273,94.54
931,06:45:22:476,94.54
932,06:45:22:648,94.64
933,06:45:22:851,94.54
934,06:45:23:038,94.64
935,06:45:23:225,94.54
936,06:45:23:428,94.64
937,06:45:23:615,94.74
938,06:45:23:802,94.74
939,06:45:23:989,94.74
940,06:45:24:161,94.64
941,06:45:24:348,94.74
942,06:45:24:551,94.64
943,06:45:24:738,94.74
944,06:45:24:925,94.74
945,06:45:25:128,94.74
946,06:45:25:315,94.84
947,06:45:25:503,94.84
948,06:45:25:705,94.64
949,06:45:25:893,94.64
950,06:45:26:080,94.74
951,06:45:26:283,94.84
952,06:45:26:470,94.74
953,06:45:26:657,94.84
954,06:45:26:860,94.84
955,06:45:27:047,94.94
956,06:45:27:234,94.84
957,06:45:27:421,94.94
958,06:45:27:624,94.84
959,06:45:27:811,95.04
960,06:45:27:999,95.04
961,06:45:28:201,94.94
962,06:45:28:389,94.94
963,06:45:28:591,94.94
964,06:45:28:779,94.94
965,06:45:28:935,95.04
966,06:45:29:122,95.04
967,06:45:29:325,95.04
968,06:45:29:512,95.14
969,06:45:29:715,95.14
970,06:45:29:902,95.24
971,06:45:30:089,95.14
972,06:45:30:276,95.04
973,06:45:30:463,95.34
974,06:45:30:666,95.34
975,06:45:30:853,95.34
976,06:45:31:041,95.34
977,06:45:31:243,95.24
978,06:45:31:431,95.24
979,06:45:31:633,95.34
980,06:45:31:821,95.34
981,06:45:32:008,95.34
982,06:45:32:195,95.34
983,06:45:32:398,95.34
984,06:45:32:601,95.34
985,06:45:32:772,95.34
986,06:45:32:975,95.34
987,06:45:33:162,95.34
988,06:45:33:349,95.34
989,06:45:33:552,95.34
990,06:45:33:739,95.14
991,06:45:33:927,95.34
992,06:45:34:129,95.34
993,06:45:34:317,95.34
994,06:45:34:504,95.54
995,06:45:34:707,95.54
996,06:45:34:894,95.64
997,06:45:35:081,95.74
998,06:45:35:284,95.74
999,06:45:35:471,95.74
1000,06:45:35:658,95.74
1001,06:45:35:845,95.94
1002,06:45:36:033,95.94
1003,06:45:36:220,95.84
1004,06:45:36:407,96.04
1005,06:45:36:610,95.84
1006,06:45:36:797,95.84
1007,06:45:36:984,95.84
1008,06:45:37:171,95.84
1009,06:45:37:343,95.84
1010,06:45:37:530,95.84
1011,06:45:37:717,95.94
1012,06:45:37:905,95.84
1013,06:45:38:092,95.74
1014,06:45:38:279,95.84
1015,06:45:38:466,95.84
1016,06:45:38:653,95.84
1017,06:45:38:856,95.84
1018,06:45:39:043,95.84
1019,06:45:39:246,95.84
1020,06:45:39:433,95.84
1021,06:45:39:621,95.74
1022,06:45:39:808,95.84
1023,06:45:40:011,95.74
1024,06:45:40:198,95.74
1025,06:45:40:385,95.74
1026,06:45:40:588,95.74
1027,06:45:40:759,95.64
1028,06:45:40:947,95.64
1029,06:45:41:118,95.64
1030,06:45:41:321,95.64
1031,06:45:41:508,95.54
1032,06:45:41:711,95.44
1033,06:45:41:883,94.94
1034,06:45:42:085,93.94
1035,06:45:42:257,93.34
1036,06:45:42:460,92.14
1037,06:45:42:647,91.44
1038,06:45:42:834,91.14
1039,06:45:43:037,90.94
1040,06:45:43:224,90.84
1041,06:45:43:411,90.94
1042,06:45:43:614,90.94
1043,06:45:43:801,91.04
1044,06:45:43:989,91.04
1045,06:45:44:191,91.04
1046,06:45:44:379,90.94
1047,06:45:44:566,91.14
1048,06:45:44:769,91.14
1049,06:45:44:956,91.04
1050,06:45:45:143,91.24
1051,06:45:45:346,91.44
1052,06:45:45:533,91.44
1053,06:45:45:720,91.34
1054,06:45:45:907,90.94
1055,06:45:46:110,90.74
1056,06:45:46:297,90.64
1057,06:45:46:500,90.64
1058,06:45:46:687,90.64
1059,06:45:46:875,90.64
1060,06:45:47:062,90.74
1061,06:45:47:249,90.74
1062,06:45:47:436,90.74
1063,06:45:47:623,90.94
1064,06:45:47:842,90.94
1065,06:45:48:013,90.94
1066,06:45:48:201,90.94
1067,06:45:48:403,90.84
1068,06:45:48:591,90.94
1069,06:45:48:778,90.94
1070,06:45:48:981,91.04
1071,06:45:49:168,90.94
1072,06:45:49:355,91.14
1073,06:45:49:558,91.04
1074,06:45:49:745,91.14
1075,06:45:49:917,91.14
1076,06:45:50:119,91.24
1077,06:45:50:307,91.24
1078,06:45:50:494,91.24
1079,06:45:50:697,91.24
1080,06:45:50:884,91.34
1081,06:45:51:071,91.34
1082,06:45:51:258,91.54
1083,06:45:51:461,91.54
1084,06:45:51:648,91.54
1085,06:45:51:835,91.64
1086,06:45:52:038,91.64
1087,06:45:52:225,91.04
1088,06:45:52:413,90.64
1089,06:45:52:615,90.64
1090,06:45:52:803,91.04
1091,06:45:52:990,91.14
1092,06:45:53:193,91.14
1093,06:45:53:380,91.14
1094,06:45:53:567,91.24
1095,06:45:53:770,91.34
1096,06:45:53:957,91.44
1097,06:45:54:144,91.54
1098,06:45:54:363,91.44
1099,06:45:54:534,91.54
1100,06:45:54:721,91.44
1101,06:45:54:924,91.64
1102,06:45:55:111,91.24
1103,06:45:55:299,89.74
1104,06:45:55:501,88.74
1105,06:45:55:689,88.44
1106,06:45:55:876,88.34
1107,06:45:56:079,88.54
1108,06:45:56:266,88.54
1109,06:45:56:453,87.74
1110,06:45:56:625,86.24
1111,06:45:56:827,85.34
1112,06:45:57:015,85.14
1113,06:45:57:202,85.24
1114,06:45:57:405,85.54
1115,06:45:57:592,85.64
1116,06:45:57:779,85.74
1117,06:45:57:982,85.94
1118,06:45:58:169,86.24
1119,06:45:58:356,86.34
1120,06:45:58:559,86.74
1121,06:45:58:762,86.94
1122,06:45:58:933,86.94
1123,06:45:59:136,87.24
1124,06:45:59:323,87.34
1125,06:45:59:526,87.44
1126,06:45:59:713,87.54
1127,06:45:59:901,87.74
1128,06:46:00:088,87.94
1129,06:46:00:291,88.04
1130,06:46:00:478,88.24
1131,06:46:00:665,88.34
1132,06:46:00:852,88.54
1133,06:46:01:055,88.74
1134,06:46:01:242,88.74
1135,06:46:01:429,88.84
1136,06:46:01:632,89.04
1137,06:46:01:819,89.14
1138,06:46:02:007,89.24
1139,06:46:02:209,89.34
1140,06:46:02:397,89.34
1141,06:46:02:584,89.64
1142,06:46:02:787,89.04
1143,06:46:02:974,87.14
1144,06:46:03:161,85.64
1145,06:46:03:364,85.04
1146,06:46:03:551,84.54
1147,06:46:03:738,84.44
1148,06:46:03:941,84.64
1149,06:46:04:128,84.84
1150,06:46:04:315,85.04
1151,06:46:04:518,85.34
1152,06:46:04:705,85.64
1153,06:46:04:893,85.74
1154,06:46:05:095,85.84
1155,06:46:05:283,85.84
1156,06:46:05:470,86.04
1157,06:46:05:657,86.24
1158,06:46:05:860,86.24
1159,06:46:06:047,86.44
1160,06:46:06:234,86.54
1161,06:46:06:437,86.64
1162,06:46:06:624,86.74
1163,06:46:06:827,86.94
1164,06:46:06:999,86.94
1165,06:46:07:186,86.94
1166,06:46:07:373,87.14
1167,06:46:07:576,87.34
1168,06:46:07:763,87.44
1169,06:46:07:950,87.44
1170,06:46:08:153,87.64
1171,06:46:08:340,87.74
1172,06:46:08:527,87.84
1173,06:46:08:730,87.94
1174,06:46:08:917,88.04
1175,06:46:09:105,88.14
1176,06:46:09:307,88.24
1177,06:46:09:495,88.34
1178,06:46:09:682,88.54
1179,06:46:09:885,88.54
1180,06:46:10:056,88.74
1181,06:46:10:259,88.74
1182,06:46:10:431,88.74
1183,06:46:10:633,89.04
1184,06:46:10:821,88.94
1185,06:46:11:008,89.04
1186,06:46:11:211,89.24
1187,06:46:11:398,89.04
1188,06:46:11:585,88.44
1189,06:46:11:788,88.04
1190,06:46:11:975,87.94
1191,06:46:12:162,87.94
1192,06:46:12:365,88.04
1193,06:46:12:552,88.04
1194,06:46:12:739,87.84
1195,06:46:12:942,88.04
1196,06:46:13:145,88.04
1197,06:46:13:301,87.94
1198,06:46:13:504,88.14
1199,06:46:13:691,88.14
1200,06:46:13:878,87.34
1201,06:46:14:081,86.04
1202,06:46:14:268,85.54
1203,06:46:14:455,85.24
1204,06:46:14:658,85.14
1205,06:46:14:845,85.34
1206,06:46:15:033,85.54
1207,06:46:15:235,85.44
1208,06:46:15:423,85.54
1209,06:46:15:610,86.04
1210,06:46:15:797,96.94
1211,06:46:16:000,68.94
1212,06:46:16:187,26.74
1213,06:46:16:374,26.34
1214,06:46:16:577,26.34
1215,06:46:16:764,26.44
1216,06:46:16:951,26.44
1217,06:46:17:154,26.34
1218,06:46:17:341,26.34
1219,06:46:17:529,26.34
1220,06:46:17:731,26.34
1221,06:46:17:919,26.14
1222,06:46:18:106,26.34
1223,06:46:18:309,26.24
1224,06:46:18:496,26.14
1225,06:46:18:683,26.34
1226,06:46:18:886,25.84
1227,06:46:19:073,20.84
1228,06:46:19:260,16.04
1229,06:46:19:463,14.04
1230,06:46:19:650,13.14
1231,06:46:19:837,13.14
1232,06:46:20:040,13.34
1233,06:46:20:227,13.94
1234,06:46:20:415,14.74
1235,06:46:20:617,15.54
1236,06:46:20:805,16.04
1237,06:46:20:992,16.54
1238,06:46:21:179,16.94
1239,06:46:21:382,17.24
1240,06:46:21:569,17.64
1241,06:46:21:756,17.74
1242,06:46:21:959,18.24
1243,06:46:22:146,18.54
1244,06:46:22:333,18.84
1245,06:46:22:536,19.24
1246,06:46:22:723,19.74
1247,06:46:22:911,20.14
1248,06:46:23:113,20.34
1249,06:46:23:301,20.44
1250,06:46:23:488,20.94
1251,06:46:23:691,21.14
1252,06:46:23:878,21.24
1253,06:46:24:065,21.54
1254,06:46:24:268,21.64
1255,06:46:24:455,21.74
1256,06:46:24:642,22.14
1257,06:46:24:845,22.14
1258,06:46:25:032,22.34
1259,06:46:25:219,22.74
1260,06:46:25:407,22.44
1261,06:46:25:609,21.94
1262,06:46:25:797,21.84
1263,06:46:25:984,21.84
1264,06:46:26:187,20.04
1265,06:46:26:374,-21.15
1266,06:46:26:561,-94.65
1267,06:46:26:764,-7.74
1268,06:46:26:951,22.24
1269,06:46:27:138,22.44
1270,06:46:27:341,22.44
1271,06:46:27:528,22.64
1272,06:46:27:715,23.14
1273,06:46:27:918,22.64
1274,06:46:28:105,22.44
1275,06:46:28:293,22.84
1276,06:46:28:495,23.14
1277,06:46:28:683,23.44
1278,06:46:28:870,23.54
1279,06:46:29:073,23.94
1280,06:46:29:260,24.04
1281,06:46:29:447,24.24
1282,06:46:29:634,24.34
1283,06:46:29:837,24.44
1284,06:46:30:024,24.44
1285,06:46:30:211,24.44
1286,06:46:30:414,24.44
1287,06:46:30:601,24.64
1288,06:46:30:789,24.54
1289,06:46:30:991,24.74
1290,06:46:31:179,24.74
1291,06:46:31:366,24.84
1292,06:46:31:569,24.94
1293,06:46:31:756,25.04
1294,06:46:31:943,25.04
1295,06:46:32:146,25.04
1296,06:46:32:333,25.14
1297,06:46:32:520,25.24
1298,06:46:32:723,25.34
1299,06:46:32:910,25.44
1300,06:46:33:097,25.54
1301,06:46:33:300,25.64
1302,06:46:33:487,25.54
1303,06:46:33:675,25.64
1304,06:46:33:877,25.74
1305,06:46:34:065,25.94
1306,06:46:34:252,25.84
1307,06:46:34:439,25.84
1308,06:46:34:642,25.84
1309,06:46:34:829,26.04
1310,06:46:35:016,26.14
1311,06:46:35:219,26.14
1312,06:46:35:406,26.44
1313,06:46:35:593,27.24
1314,06:46:35:796,28.64
1315,06:46:35:983,29.84
1316,06:46:36:171,30.54
1317,06:46:36:373,31.04
1318,06:46:36:561,31.44
1319,06:46:36:748,31.94
1320,06:46:36:951,32.24
1321,06:46:37:138,32.64
1322,06:46:37:325,33.34
1323,06:46:37:528,32.94
1324,06:46:37:715,31.54
1325,06:46:37:902,31.64
1326,06:46:38:105,31.84
1327,06:46:38:292,31.84
1328,06:46:38:479,32.04
1329,06:46:38:682,31.94
1330,06:46:38:869,31.74
1331,06:46:39:057,31.74
1332,06:46:39:244,31.74
1333,06:46:39:447,31.94
1334,06:46:39:634,32.24
1335,06:46:39:821,32.54
1336,06:46:40:024,32.74
1337,06:46:40:211,32.84
1338,06:46:40:398,32.94
1339,06:46:40:601,33.04
1340,06:46:40:788,33.14
1341,06:46:40:975,33.14
1342,06:46:41:178,33.34
1343,06:46:41:365,33.64
1344,06:46:41:553,33.74
1345,06:46:41:755,33.64
1346,06:46:41:943,33.84
1347,06:46:42:130,33.74
1348,06:46:42:333,33.74
1349,06:46:42:520,32.64
1350,06:46:42:707,31.14
1351,06:46:42:910,30.54
1352,06:46:43:097,30.34
1353,06:46:43:284,30.24
1354,06:46:43:471,30.34
1355,06:46:43:674,30.44
1356,06:46:43:861,30.54
1357,06:46:44:049,30.54
1358,06:46:44:251,30.54
1359,06:46:44:439,30.64
1360,06:46:44:626,30.74
1361,06:46:44:829,30.64
1362,06:46:45:016,30.64
1363,06:46:45:203,30.64
1364,06:46:45:406,30.64
1365,06:46:45:593,30.54
1366,06:46:45:780,30.54
1367,06:46:45:983,30.54
1368,06:46:46:170,30.04
1369,06:46:46:357,28.94
1370,06:46:46:560,28.04
1371,06:46:46:747,27.54
1372,06:46:46:935,27.34
1373,06:46:47:137,27.14
1374,06:46:47:325,27.24
1375,06:46:47:512,27.34
1376,06:46:47:699,27.24
1377,06:46:47:902,27.14
1378,06:46:48:089,27.14
1379,06:46:48:276,27.24
1380,06:46:48:479,27.24
1381,06:46:48:666,27.24
1382,06:46:48:853,27.24
1383,06:46:49:056,27.34
1384,06:46:49:243,27.24
1385,06:46:49:431,27.14
1386,06:46:49:633,27.14
1387,06:46:49:821,27.34
1388,06:46:50:008,27.24
1389,06:46:50:211,25.64
1390,06:46:50:398,23.14
1391,06:46:50:585,20.74
1392,06:46:50:788,20.24
1393,06:46:50:975,20.14
1394,06:46:51:162,20.34
1395,06:46:51:365,20.64
1396,06:46:51:552,20.74
1397,06:46:51:740,20.94
1398,06:46:51:942,21.14
1399,06:46:52:130,21.34
1400,06:46:52:317,21.34
1401,06:46:52:520,21.54
1402,06:46:52:707,21.64
1403,06:46:52:894,21.84
1404,06:46:53:081,22.04
1405,06:46:53:284,22.04
1406,06:46:53:471,22.24
1407,06:46:53:658,22.34
1408,06:46:53:861,22.54
1409,06:46:54:048,22.54
1410,06:46:54:236,22.84
1411,06:46:54:438,22.84
1412,06:46:54:626,23.04
1413,06:46:54:813,23.14
1414,06:46:55:016,23.24
1415,06:46:55:203,23.14
1416,06:46:55:390,23.34
1417,06:46:55:593,23.54
1418,06:46:55:780,23.74
1419,06:46:55:967,23.54
1420,06:46:56:170,20.04
1421,06:46:56:357,17.34
1422,06:46:56:544,15.94
1423,06:46:56:747,15.84
1424,06:46:56:934,15.94
1425,06:46:57:122,16.24
1426,06:46:57:324,16.54
1427,06:46:57:512,16.94
1428,06:46:57:699,17.24
1429,06:46:57:886,17.34
1430,06:46:58:089,17.54
1431,06:46:58:276,17.54
1432,06:46:58:463,17.24
1433,06:46:58:666,17.04
1434,06:46:58:853,17.04
1435,06:46:59:040,16.94
1436,06:46:59:243,17.14
1437,06:46:59:430,17.24
1438,06:46:59:618,17.44
1439,06:46:59:820,17.84
1440,06:47:00:008,17.94
1441,06:47:00:195,18.24
1442,06:47:00:398,18.54
1443,06:47:00:585,18.44
No.,Timestamp,Berat
1445,06:47:04:750,-24.55
1446,06:47:04:937,-22.75
1447,06:47:05:124,-21.35
1448,06:47:05:327,-20.45
1449,06:47:05:514,-20.65
1450,06:47:05:702,-22.35
1451,06:47:05:904,-23.85
1452,06:47:06:092,-23.55
1453,06:47:06:279,-23.05
1454,06:47:06:482,-22.75
1455,06:47:06:669,-22.25
1456,06:47:06:856,-21.95
1457,06:47:07:043,-21.45
1458,06:47:07:246,-21.05
1459,06:47:07:433,-20.65
1460,06:47:07:620,-20.15
1461,06:47:07:823,-19.95
1462,06:47:08:010,-19.65
1463,06:47:08:198,-19.45
1464,06:47:08:400,-19.15
1465,06:47:08:588,-19.05
1466,06:47:08:775,-18.85
1467,06:47:08:978,-18.45
1468,06:47:09:165,-18.35
1469,06:47:09:352,-18.25
1470,06:47:09:555,-18.05
1471,06:47:09:742,-17.85
1472,06:47:09:929,-17.65
1473,06:47:10:132,-17.45
1474,06:47:10:319,-17.15
1475,06:47:10:506,-16.85
1476,06:47:10:694,-16.75
1477,06:47:10:896,-16.85
1478,06:47:11:084,-16.75
1479,06:47:11:271,-16.75
1480,06:47:11:474,-16.65
1481,06:47:11:661,-16.55
1482,06:47:11:848,-16.35
1483,06:47:12:051,-16.25
1484,06:47:12:238,-16.15
1485,06:47:12:425,-15.95
1486,06:47:12:628,-15.85
1487,06:47:12:815,-15.85
1488,06:47:13:002,-15.65
1489,06:47:13:205,-15.35
1490,06:47:13:392,-15.25
1491,06:47:13:580,-15.65
1492,06:47:13:782,-15.95
1493,06:47:13:970,-16.45
1494,06:47:14:157,-16.65
1495,06:47:14:360,-16.65
1496,06:47:14:547,-16.65
1497,06:47:14:734,-16.65
1498,06:47:14:937,-16.35
1499,06:47:15:124,-16.35
1500,06:47:15:311,-16.15
1501,06:47:15:498,-16.25
1502,06:47:15:701,-17.65
1503,06:47:15:888,-21.35
1504,06:47:16:076,-23.25
1505,06:47:16:278,-23.95
1506,06:47:16:466,-23.95
1507,06:47:16:653,-23.95
1508,06:47:16:856,-23.75
1509,06:47:17:043,-23.45
1510,06:47:17:230,-23.15
1511,06:47:17:433,-22.85
1512,06:47:17:620,-22.55
1513,06:47:17:807,-22.35
1514,06:47:18:010,-22.25
1515,06:47:18:197,-21.85
1516,06:47:18:384,-21.65
1517,06:47:18:572,-21.45
1518,06:47:18:774,-21.25
1519,06:47:18:962,-21.05
1520,06:47:19:149,-20.75
1521,06:47:19:352,-20.45
1522,06:47:19:539,-20.15
1523,06:47:19:726,-22.35
1524,06:47:19:929,-25.75
1525,06:47:20:116,-25.95
1526,06:47:20:303,-25.85
1527,06:47:20:506,-17.45
1528,06:47:20:693,11.74
1529,06:47:20:880,34.84
1530,06:47:21:083,35.24
1531,06:47:21:270,35.54
1532,06:47:21:458,35.84
1533,06:47:21:660,36.24
1534,06:47:21:848,36.44
1535,06:47:22:035,36.84
1536,06:47:22:238,37.34
1537,06:47:22:425,37.24
1538,06:47:22:612,37.04
1539,06:47:22:815,37.14
1540,06:47:23:002,37.14
1541,06:47:23:189,37.34
1542,06:47:23:392,37.64
1543,06:47:23:579,37.74
1544,06:47:23:766,40.04
1545,06:47:23:954,38.74
1546,06:47:24:156,34.34
1547,06:47:24:344,-13.75
1548,06:47:24:531,-25.05
1549,06:47:24:734,-28.65
1550,06:47:24:921,-29.85
1551,06:47:25:108,-29.35
1552,06:47:25:311,-28.35
1553,06:47:25:498,-27.85
1554,06:47:25:685,-27.35
1555,06:47:25:888,-26.85
1556,06:47:26:075,-26.45
1557,06:47:26:262,-25.85
1558,06:47:26:465,-25.15
1559,06:47:26:652,-23.95
1560,06:47:26:840,3.43
1561,06:47:27:042,93.54
1562,06:47:27:230,216.55
1563,06:47:27:417,217.25
1564,06:47:27:620,216.85
1565,06:47:27:807,217.05
1566,06:47:27:994,217.15
1567,06:47:28:197,217.25
1568,06:47:28:384,217.55
1569,06:47:28:571,217.65
1570,06:47:28:758,217.85
1571,06:47:28:961,218.15
1572,06:47:29:148,218.35
1573,06:47:29:336,218.85
1574,06:47:29:538,218.95
1575,06:47:29:726,219.15
1576,06:47:29:913,219.45
1577,06:47:30:116,217.05
1578,06:47:30:303,214.85
1579,06:47:30:490,213.95
1580,06:47:30:693,213.15
1581,06:47:30:880,213.65
1582,06:47:31:067,214.15
1583,06:47:31:270,214.55
1584,06:47:31:457,214.75
1585,06:47:31:644,214.85
1586,06:47:31:847,215.05
1587,06:47:32:034,215.25
1588,06:47:32:222,215.45
1589,06:47:32:409,215.65
1590,06:47:32:612,215.75
1591,06:47:32:799,216.05
1592,06:47:32:986,216.15
1593,06:47:33:189,216.35
1594,06:47:33:376,216.45
1595,06:47:33:563,216.65
1596,06:47:33:766,216.95
1597,06:47:33:953,217.05
1598,06:47:34:140,217.25
1599,06:47:34:343,217.35
1600,06:47:34:530,217.55
1601,06:47:34:718,217.65
1602,06:47:34:920,217.85
1603,06:47:35:108,217.85
1604,06:47:35:295,218.15
1605,06:47:35:498,218.15
1606,06:47:35:685,218.35
1607,06:47:35:872,218.55
1608,06:47:36:075,218.65
1609,06:47:36:262,218.85
1610,06:47:36:449,218.95
1611,06:47:36:652,219.05
1612,06:47:36:839,217.05
1613,06:47:37:026,215.45
1614,06:47:37:214,215.45
1615,06:47:37:416,215.95
1616,06:47:37:604,216.55
1617,06:47:37:791,216.85
1618,06:47:37:994,217.25
1619,06:47:38:181,217.65
1620,06:47:38:368,217.85
1621,06:47:38:571,218.05
1622,06:47:38:758,218.15
1623,06:47:38:945,218.35
1624,06:47:39:148,218.35
1625,06:47:39:335,225.65
1626,06:47:39:522,249.95
1627,06:47:39:725,127.05
1628,06:47:39:912,-19.35
1629,06:47:40:100,-20.95
1630,06:47:40:302,-20.95
1631,06:47:40:490,-21.25
1632,06:47:40:677,-22.45
1633,06:47:40:880,-23.75
1634,06:47:41:067,-24.45
1635,06:47:41:254,-25.05
1636,06:47:41:441,-25.15
1637,06:47:41:644,-25.05
1638,06:47:41:831,-24.95
1639,06:47:42:018,-24.85
1640,06:47:42:221,-24.75
1641,06:47:42:408,-24.65
1642,06:47:42:596,-24.45
1643,06:47:42:798,-24.25
1644,06:47:42:986,-24.15
No.,Timestamp,Berat
1646,06:47:46:652,-7.64
1647,06:47:46:854,-6.14
1648,06:47:47:042,-4.84
1649,06:47:47:229,-3.94
1650,06:47:47:416,-3.04
1651,06:47:47:619,-2.34
1652,06:47:47:806,-1.74
1653,06:47:47:993,-1.24
1654,06:47:48:196,-0.94
1655,06:47:48:383,-0.64
1656,06:47:48:570,-0.34
1657,06:47:48:773,-0.14
1658,06:47:48:960,0.33
1659,06:47:49:148,0.63
1660,06:47:49:350,0.93
1661,06:47:49:538,1.03
1662,06:47:49:725,1.23
1663,06:47:49:928,1.43
1664,06:47:50:115,1.63
1665,06:47:50:302,1.83
1666,06:47:50:505,2.03
1667,06:47:50:692,2.33
1668,06:47:50:879,2.33
1669,06:47:51:082,2.43
1670,06:47:51:269,2.63
1671,06:47:51:456,2.73
1672,06:47:51:644,2.83
1673,06:47:51:846,2.83
1674,06:47:52:034,2.93
1675,06:47:52:221,2.93
1676,06:47:52:424,2.93
1677,06:47:52:611,2.83
1678,06:47:52:798,2.53
1679,06:47:53:001,-1.34
1680,06:47:53:188,-4.04
1681,06:47:53:375,-4.64
1682,06:47:53:578,-4.74
1683,06:47:53:765,-4.54
1684,06:47:53:952,-4.24
1685,06:47:54:155,-3.94
1686,06:47:54:342,-3.44
1687,06:47:54:530,-3.14
1688,06:47:54:732,-2.74
1689,06:47:54:920,-2.44
1690,06:47:55:107,-2.34
1691,06:47:55:294,-1.94
1692,06:47:55:497,-1.54
1693,06:47:55:684,-1.14
1694,06:47:55:871,-0.94
1695,06:47:56:074,-0.74
1696,06:47:56:261,-0.44
1697,06:47:56:448,-0.24
1698,06:47:56:651,0.13
1699,06:47:56:838,0.33
1700,06:47:57:026,0.53
1701,06:47:57:228,0.73
1702,06:47:57:416,0.83
1703,06:47:57:603,1.13
1704,06:47:57:806,1.23
1705,06:47:57:993,1.53
1706,06:47:58:180,1.73
1707,06:47:58:383,1.63
1708,06:47:58:570,1.83
1709,06:47:58:757,2.13
1710,06:47:58:960,2.23
1711,06:47:59:147,2.53
1712,06:47:59:334,2.53
1713,06:47:59:537,2.63
1714,06:47:59:724,2.93
1715,06:47:59:912,3.13
1716,06:48:00:114,3.13
1717,06:48:00:302,3.23
1718,06:48:00:489,3.43
1719,06:48:00:676,3.73
1720,06:48:00:879,3.13
1721,06:48:01:066,3.43
1722,06:48:01:253,3.33
1723,06:48:01:456,3.03
1724,06:48:01:643,2.73
1725,06:48:01:830,2.63
1726,06:48:02:033,2.93
1727,06:48:02:220,3.03
1728,06:48:02:408,3.13
1729,06:48:02:610,3.43
1730,06:48:02:798,3.53
1731,06:48:02:985,3.63
1732,06:48:03:172,3.73
1733,06:48:03:375,3.93
1734,06:48:03:562,4.13
1735,06:48:03:749,4.23
1736,06:48:03:952,4.43
1737,06:48:04:139,4.53
1738,06:48:04:326,4.63
1739,06:48:04:529,4.73
1740,06:48:04:716,4.83
1741,06:48:04:904,5.03
1742,06:48:05:106,5.03
1743,06:48:05:294,5.33
1744,06:48:05:481,4.53
1745,06:48:05:684,2.63
1746,06:48:05:871,2.43
1747,06:48:06:058,2.73
1748,06:48:06:261,3.13
1749,06:48:06:448,3.43
1750,06:48:06:635,3.53
1751,06:48:06:838,3.83
1752,06:48:07:025,4.13
1753,06:48:07:212,4.23
1754,06:48:07:415,4.33
1755,06:48:07:602,4.43
1756,06:48:07:790,4.53
1757,06:48:07:977,4.73
1758,06:48:08:180,4.93
1759,06:48:08:367,5.03
1760,06:48:08:554,5.23
1761,06:48:08:757,5.73
1762,06:48:08:944,6.23
1763,06:48:09:131,6.43
1764,06:48:09:334,4.63
1765,06:48:09:521,2.53
1766,06:48:09:708,1.63
1767,06:48:09:911,1.53
1768,06:48:10:098,1.63
1769,06:48:10:286,1.83
1770,06:48:10:488,2.13
1771,06:48:10:676,2.33
1772,06:48:10:863,2.33
1773,06:48:11:050,2.63
1774,06:48:11:253,2.83
1775,06:48:11:440,2.83
1776,06:48:11:627,3.13
1777,06:48:11:830,3.23
1778,06:48:12:017,3.33
1779,06:48:12:204,3.53
1780,06:48:12:407,4.63
1781,06:48:12:594,23.94
1782,06:48:12:782,58.14
1783,06:48:12:984,63.04
1784,06:48:13:172,63.14
1785,06:48:13:359,62.94
1786,06:48:13:562,63.04
1787,06:48:13:749,63.24
1788,06:48:13:936,63.34
1789,06:48:14:139,63.44
1790,06:48:14:326,63.54
1791,06:48:14:513,63.64
1792,06:48:14:716,63.74
1793,06:48:14:903,63.84
1794,06:48:15:090,64.04
1795,06:48:15:293,64.14
1796,06:48:15:480,64.24
1797,06:48:15:668,64.34
1798,06:48:15:855,64.34
1799,06:48:16:058,64.44
1800,06:48:16:245,64.64
1801,06:48:16:432,64.54
1802,06:48:16:635,64.74
1803,06:48:16:822,64.84
1804,06:48:17:009,64.94
1805,06:48:17:212,64.94
1806,06:48:17:399,65.14
1807,06:48:17:586,65.14
1808,06:48:17:789,65.14
1809,06:48:17:976,65.14
1810,06:48:18:164,65.24
1811,06:48:18:366,65.24
1812,06:48:18:554,65.34
1813,06:48:18:741,65.34
1814,06:48:18:944,65.44
1815,06:48:19:131,65.44
1816,06:48:19:318,65.54
1817,06:48:19:521,65.74
1818,06:48:19:708,65.74
1819,06:48:19:895,65.84
1820,06:48:20:082,66.14
1821,06:48:20:285,65.84
1822,06:48:20:472,20.64
1823,06:48:20:660,6.73
1824,06:48:20:862,6.93
1825,06:48:21:050,7.03
1826,06:48:21:237,7.03
1827,06:48:21:440,7.13
1828,06:48:21:627,7.23
1829,06:48:21:814,7.13
1830,06:48:22:017,6.93
1831,06:48:22:204,6.73
1832,06:48:22:391,6.73
1833,06:48:22:594,6.43
1834,06:48:22:781,6.03
1835,06:48:22:968,30.54
1836,06:48:23:171,137.65
1837,06:48:23:358,245.55
1838,06:48:23:546,247.55
1839,06:48:23:748,245.85
1840,06:48:23:936,245.95
1841,06:48:24:123,246.05
1842,06:48:24:310,246.15
1843,06:48:24:513,246.15
1844,06:48:24:700,246.35
1845,06:48:24:903,246.35
1846,06:48:25:090,246.35
1847,06:48:25:277,246.55
1848,06:48:25:464,246.65
1849,06:48:25:667,246.85
1850,06:48:25:854,246.85
1851,06:48:26:042,246.95
1852,06:48:26:244,247.15
1853,06:48:26:432,247.15
1854,06:48:26:619,247.15
1855,06:48:26:822,247.25
1856,06:48:27:009,247.35
1857,06:48:27:196,247.45
1858,06:48:27:399,247.55
1859,06:48:27:586,247.65
1860,06:48:27:773,247.65
1861,06:48:27:976,247.85
1862,06:48:28:163,247.85
1863,06:48:28:350,247.95
1864,06:48:28:553,247.85
1865,06:48:28:740,247.95
1866,06:48:28:928,247.95
1867,06:48:29:130,247.95
1868,06:48:29:318,248.25
1869,06:48:29:505,248.25
1870,06:48:29:692,248.25
1871,06:48:29:895,248.15
1872,06:48:30:082,248.25
1873,06:48:30:269,248.25
1874,06:48:30:472,248.45
1875,06:48:30:659,248.35
1876,06:48:30:846,248.45
1877,06:48:31:049,248.55
1878,06:48:31:236,248.45
1879,06:48:31:424,248.55
1880,06:48:31:626,248.75
1881,06:48:31:814,248.65
1882,06:48:32:001,248.55
1883,06:48:32:204,248.55
1884,06:48:32:391,248.85
1885,06:48:32:578,248.85
1886,06:48:32:781,248.75
1887,06:48:32:968,248.85
1888,06:48:33:155,248.85
1889,06:48:33:342,248.95
1890,06:48:33:545,249.15
1891,06:48:33:732,249.15
1892,06:48:33:920,249.05
1893,06:48:34:122,249.15
1894,06:48:34:310,249.25
1895,06:48:34:497,249.35
1896,06:48:34:700,249.25
1897,06:48:34:887,249.35
1898,06:48:35:074,249.45
1899,06:48:35:277,249.55
1900,06:48:35:464,249.45
1901,06:48:35:651,249.65
1902,06:48:35:854,249.75
1903,06:48:36:041,249.75
1904,06:48:36:228,249.75
1905,06:48:36:431,249.85
1906,06:48:36:618,250.05
1907,06:48:36:806,250.05
1908,06:48:37:008,250.25
1909,06:48:37:196,250.25
1910,06:48:37:383,250.35
1911,06:48:37:570,250.55
1912,06:48:37:773,250.45
1913,06:48:37:960,250.55
1914,06:48:38:147,250.55
1915,06:48:38:350,250.65
1916,06:48:38:537,250.95
1917,06:48:38:740,252.85
1918,06:48:38:912,308.25
1919,06:48:39:099,173.35
1920,06:48:39:286,15.04
1921,06:48:39:489,11.34
1922,06:48:39:676,11.44
1923,06:48:39:863,11.54
1924,06:48:40:066,11.24
1925,06:48:40:253,10.74
1926,06:48:40:440,10.34
1927,06:48:40:643,10.14
1928,06:48:40:815,10.04
1929,06:48:41:002,10.04
1930,06:48:41:205,9.93
1931,06:48:41:392,10.04
1932,06:48:41:579,10.04
1933,06:48:41:782,10.04
1934,06:48:41:969,10.04
1935,06:48:42:156,10.04
1936,06:48:42:344,10.14
1937,06:48:42:546,10.14
1938,06:48:42:734,10.24
1939,06:48:42:921,10.24
1940,06:48:43:124,10.34
1941,06:48:43:295,10.34
1942,06:48:43:467,10.34
1943,06:48:43:670,10.44
1944,06:48:43:857,10.54
1945,06:48:44:044,10.64
1946,06:48:44:247,10.64
1947,06:48:44:434,10.64
1948,06:48:44:621,10.74
1949,06:48:44:824,10.64
1950,06:48:45:011,10.94
1951,06:48:45:199,11.04
1952,06:48:45:401,11.04
1953,06:48:45:589,11.14
1954,06:48:45:776,11.24
1955,06:48:45:979,11.34
1956,06:48:46:181,11.44
1957,06:48:46:353,11.64
1958,06:48:46:540,11.74
1959,06:48:46:743,11.84
1960,06:48:46:915,11.74
1961,06:48:47:102,11.94
1962,06:48:47:305,12.04
1963,06:48:47:492,12.04
1964,06:48:47:679,12.04
1965,06:48:47:882,12.14
1966,06:48:48:069,12.24
1967,06:48:48:256,12.44
1968,06:48:48:475,12.44
1969,06:48:48:646,12.44
1970,06:48:48:833,12.54
1971,06:48:49:036,12.54
1972,06:48:49:223,12.64
1973,06:48:49:411,12.54
1974,06:48:49:613,12.74
1975,06:48:49:816,12.84
1976,06:48:49:988,12.94
1977,06:48:50:191,13.04
1978,06:48:50:378,13.04
1979,06:48:50:565,13.04
1980,06:48:50:768,13.24
1981,06:48:50:955,13.34
1982,06:48:51:142,13.44
1983,06:48:51:329,13.64
1984,06:48:51:532,13.64
1985,06:48:51:719,13.74
1986,06:48:51:907,13.94
1987,06:48:52:109,13.94
1988,06:48:52:297,14.14
1989,06:48:52:484,14.04
1990,06:48:52:687,14.14
1991,06:48:52:874,14.24
1992,06:48:53:061,14.34
1993,06:48:53:264,14.44
1994,06:48:53:467,14.54
1995,06:48:53:638,14.54
1996,06:48:53:841,14.64
1997,06:48:54:028,14.74
1998,06:48:54:215,14.84
1999,06:48:54:418,14.94
2000,06:48:54:605,14.94
2001,06:48:54:793,14.84
2002,06:48:54:995,14.94
2003,06:48:55:183,15.04
2004,06:48:55:370,15.04
2005,06:48:55:573,13.94
2006,06:48:55:760,8.93
2007,06:48:55:947,5.63
2008,06:48:56:134,4.73
2009,06:48:56:337,4.73
2010,06:48:56:524,5.23
2011,06:48:56:711,5.63
2012,06:48:56:914,6.13
2013,06:48:57:101,6.83

